Renglon,Codigo ACP,Descripcion,Cantidad,UM,Producto ofertado,PN,Talla,Costo FOB unit,Flete+seguro unit,Aduana+descarga unit,Costo landed unit,Margen %,PRECIO UNITARIO OFERTADO,MONTO TOTAL RENGLON
1,PPE-GLO-00006,Guante dielectrico baja tension,24,Pr,NO SE OFERTA,,10,,,,,,,
2,PPE-GLO-00012,Guante quimico industrial,1500,Pr,Elite Guard J710,J710,9 (L),,,,,,,
3,PPE-GLO-00020,Guante punteado Kevlar,960,Pr,MCR Safety CutPro 9366,9366XL,10 (XL),,,,,,,
4,PPE-GLO-00022,Guante examen nitrilo caja de 50,1000,Box,MCR Safety NitriShield 6008,6008M,Mediano,,,,,,,
5,PPE-GLO-00031,Guante anticorte ANSI A4,5000,Each,MCR Safety CutPro 92754BP,92754BPL,9 (L),,,,,,,
6,PPE-GLO-00033,Guante tejido palma PU,900,Each,MCR Safety CutPro 92852PU,92852PUXXL,11 (2XL),,,,,,,
,,TOTAL,,,,,,,,,,,,
,,,,,,,,,,,,,,
NOTA 1,"Pr y Each significan lo mismo: par (numeral 9.1.4). El renglon 4 se cotiza por CAJA.",,,,,,,,,,,,
NOTA 2,"El precio NO lleva ITBMS ni impuestos de importacion: la ACP es exenta (clausula 4.28.6)",,,,,,,,,,,,
NOTA 3,"DAP Panama: el precio debe absorber aduana simplificada + descarga y colocacion en sitio en Corozal Edificio 652",,,,,,,,,,,,
NOTA 4,"Pago neto 30 dias: incluir el costo financiero en el margen",,,,,,,,,,,,
NOTA 5,"Entrega 120 dias calendario. Multa de hasta 10% del valor no entregado por cada prorroga",,,,,,,,,,,,
NOTA 6,"Adjudicacion por renglon: se puede ofertar solo donde se es competitivo",,,,,,,,,,,,
